seed,length_limit,time_limit,max_pols,k0,k,kact,ConcEff,Gact,Gbb,Conc0,Conc1,G0,G1,Ggen,Gend,outputfilename,outputtrajfilename,print_flag,print_valid_trans_flag,write_output_flag,write_traj_flag,traj_write_interval,breakable_backbone_flag,off_rate_discrim_flag,test_tact_flag,local_updates_flag,use_test_rates_flag
1156727,30,1000,2000,1,1,0,100,0,-20,0,3,0,-4,-10,0.0,output.csv,traj.csv,0,0,1,1,10000,1,1,0,1,0
1156728,30,1000,2000,1,1,0,100,0,-20,0,3,0,-4,-10,0.0,output.csv,traj.csv,0,0,1,1,10000,1,1,0,1,0
1156729,30,1000,2000,1,1,0,100,0,-20,0,3,0,-4,-10,0.0,output.csv,traj.csv,0,0,1,1,10000,1,1,0,1,0
1156730,30,1000,2000,1,1,0,100,0,-20,0,3,0,-4,-10,0.0,output.csv,traj.csv,0,0,1,1,10000,1,1,0,1,0
1156731,30,1000,2000,1,1,0,100,0,-20,0,3,0,-4,-10,0.0,output.csv,traj.csv,0,0,1,1,10000,1,1,0,1,0
1156732,30,1000,2000,1,1,0,100,0,-20,0,3,0,-4,-10,0.5,output.csv,traj.csv,0,0,1,1,10000,1,1,0,1,0
1156733,30,1000,2000,1,1,0,100,0,-20,0,3,0,-4,-10,0.5,output.csv,traj.csv,0,0,1,1,10000,1,1,0,1,0
1156734,30,1000,2000,1,1,0,100,0,-20,0,3,0,-4,-10,0.5,output.csv,traj.csv,0,0,1,1,10000,1,1,0,1,0
1156735,30,1000,2000,1,1,0,100,0,-20,0,3,0,-4,-10,0.5,output.csv,traj.csv,0,0,1,1,10000,1,1,0,1,0
1156736,30,1000,2000,1,1,0,100,0,-20,0,3,0,-4,-10,0.5,output.csv,traj.csv,0,0,1,1,10000,1,1,0,1,0
1156737,30,1000,2000,1,1,0,100,0,-20,0,3,0,-4,-10,1.0,output.csv,traj.csv,0,0,1,1,10000,1,1,0,1,0
1156738,30,1000,2000,1,1,0,100,0,-20,0,3,0,-4,-10,1.0,output.csv,traj.csv,0,0,1,1,10000,1,1,0,1,0
1156739,30,1000,2000,1,1,0,100,0,-20,0,3,0,-4,-10,1.0,output.csv,traj.csv,0,0,1,1,10000,1,1,0,1,0
1156740,30,1000,2000,1,1,0,100,0,-20,0,3,0,-4,-10,1.0,output.csv,traj.csv,0,0,1,1,10000,1,1,0,1,0
1156741,30,1000,2000,1,1,0,100,0,-20,0,3,0,-4,-10,1.0,output.csv,traj.csv,0,0,1,1,10000,1,1,0,1,0
1156742,30,1000,2000,1,1,0,100,0,-20,0,3,0,-4,-10,1.5,output.csv,traj.csv,0,0,1,1,10000,1,1,0,1,0
1156743,30,1000,2000,1,1,0,100,0,-20,0,3,0,-4,-10,1.5,output.csv,traj.csv,0,0,1,1,10000,1,1,0,1,0
1156744,30,1000,2000,1,1,0,100,0,-20,0,3,0,-4,-10,1.5,output.csv,traj.csv,0,0,1,1,10000,1,1,0,1,0
1156745,30,1000,2000,1,1,0,100,0,-20,0,3,0,-4,-10,1.5,output.csv,traj.csv,0,0,1,1,10000,1,1,0,1,0
1156746,30,1000,2000,1,1,0,100,0,-20,0,3,0,-4,-10,1.5,output.csv,traj.csv,0,0,1,1,10000,1,1,0,1,0
1156747,30,1000,2000,1,1,0,100,0,-20,0,3,0,-4,-10,2.0,output.csv,traj.csv,0,0,1,1,10000,1,1,0,1,0
1156748,30,1000,2000,1,1,0,100,0,-20,0,3,0,-4,-10,2.0,output.csv,traj.csv,0,0,1,1,10000,1,1,0,1,0
1156749,30,1000,2000,1,1,0,100,0,-20,0,3,0,-4,-10,2.0,output.csv,traj.csv,0,0,1,1,10000,1,1,0,1,0
1156750,30,1000,2000,1,1,0,100,0,-20,0,3,0,-4,-10,2.0,output.csv,traj.csv,0,0,1,1,10000,1,1,0,1,0
1156751,30,1000,2000,1,1,0,100,0,-20,0,3,0,-4,-10,2.0,output.csv,traj.csv,0,0,1,1,10000,1,1,0,1,0
1156752,30,1000,2000,1,1,0,100,0,-20,0,3,0,-4,-10,2.5,output.csv,traj.csv,0,0,1,1,10000,1,1,0,1,0
1156753,30,1000,2000,1,1,0,100,0,-20,0,3,0,-4,-10,2.5,output.csv,traj.csv,0,0,1,1,10000,1,1,0,1,0
1156754,30,1000,2000,1,1,0,100,0,-20,0,3,0,-4,-10,2.5,output.csv,traj.csv,0,0,1,1,10000,1,1,0,1,0
1156755,30,1000,2000,1,1,0,100,0,-20,0,3,0,-4,-10,2.5,output.csv,traj.csv,0,0,1,1,10000,1,1,0,1,0
1156756,30,1000,2000,1,1,0,100,0,-20,0,3,0,-4,-10,2.5,output.csv,traj.csv,0,0,1,1,10000,1,1,0,1,0
1156757,30,1000,2000,1,1,0,100,0,-20,0,3,0,-4,-10,3.0,output.csv,traj.csv,0,0,1,1,10000,1,1,0,1,0
1156758,30,1000,2000,1,1,0,100,0,-20,0,3,0,-4,-10,3.0,output.csv,traj.csv,0,0,1,1,10000,1,1,0,1,0
1156759,30,1000,2000,1,1,0,100,0,-20,0,3,0,-4,-10,3.0,output.csv,traj.csv,0,0,1,1,10000,1,1,0,1,0
1156760,30,1000,2000,1,1,0,100,0,-20,0,3,0,-4,-10,3.0,output.csv,traj.csv,0,0,1,1,10000,1,1,0,1,0
1156761,30,1000,2000,1,1,0,100,0,-20,0,3,0,-4,-10,3.0,output.csv,traj.csv,0,0,1,1,10000,1,1,0,1,0
1156762,30,1000,2000,1,1,0,100,0,-20,0,3,0,-4,-10,3.5,output.csv,traj.csv,0,0,1,1,10000,1,1,0,1,0
1156763,30,1000,2000,1,1,0,100,0,-20,0,3,0,-4,-10,3.5,output.csv,traj.csv,0,0,1,1,10000,1,1,0,1,0
1156764,30,1000,2000,1,1,0,100,0,-20,0,3,0,-4,-10,3.5,output.csv,traj.csv,0,0,1,1,10000,1,1,0,1,0
1156765,30,1000,2000,1,1,0,100,0,-20,0,3,0,-4,-10,3.5,output.csv,traj.csv,0,0,1,1,10000,1,1,0,1,0
1156766,30,1000,2000,1,1,0,100,0,-20,0,3,0,-4,-10,3.5,output.csv,traj.csv,0,0,1,1,10000,1,1,0,1,0
1156767,30,1000,2000,1,1,0,100,0,-20,0,3,0,-4,-10,4.0,output.csv,traj.csv,0,0,1,1,10000,1,1,0,1,0
1156768,30,1000,2000,1,1,0,100,0,-20,0,3,0,-4,-10,4.0,output.csv,traj.csv,0,0,1,1,10000,1,1,0,1,0
1156769,30,1000,2000,1,1,0,100,0,-20,0,3,0,-4,-10,4.0,output.csv,traj.csv,0,0,1,1,10000,1,1,0,1,0
1156770,30,1000,2000,1,1,0,100,0,-20,0,3,0,-4,-10,4.0,output.csv,traj.csv,0,0,1,1,10000,1,1,0,1,0
1156771,30,1000,2000,1,1,0,100,0,-20,0,3,0,-4,-10,4.0,output.csv,traj.csv,0,0,1,1,10000,1,1,0,1,0
1156772,30,1000,2000,1,1,0,100,0,-20,0,3,0,-4,-10,4.5,output.csv,traj.csv,0,0,1,1,10000,1,1,0,1,0
1156773,30,1000,2000,1,1,0,100,0,-20,0,3,0,-4,-10,4.5,output.csv,traj.csv,0,0,1,1,10000,1,1,0,1,0
1156774,30,1000,2000,1,1,0,100,0,-20,0,3,0,-4,-10,4.5,output.csv,traj.csv,0,0,1,1,10000,1,1,0,1,0
1156775,30,1000,2000,1,1,0,100,0,-20,0,3,0,-4,-10,4.5,output.csv,traj.csv,0,0,1,1,10000,1,1,0,1,0
1156776,30,1000,2000,1,1,0,100,0,-20,0,3,0,-4,-10,4.5,output.csv,traj.csv,0,0,1,1,10000,1,1,0,1,0
1156777,30,1000,2000,1,1,0,100,0,-20,0,3,0,-4,-10,5.0,output.csv,traj.csv,0,0,1,1,10000,1,1,0,1,0
1156778,30,1000,2000,1,1,0,100,0,-20,0,3,0,-4,-10,5.0,output.csv,traj.csv,0,0,1,1,10000,1,1,0,1,0
1156779,30,1000,2000,1,1,0,100,0,-20,0,3,0,-4,-10,5.0,output.csv,traj.csv,0,0,1,1,10000,1,1,0,1,0
1156780,30,1000,2000,1,1,0,100,0,-20,0,3,0,-4,-10,5.0,output.csv,traj.csv,0,0,1,1,10000,1,1,0,1,0
1156781,30,1000,2000,1,1,0,100,0,-20,0,3,0,-4,-10,5.0,output.csv,traj.csv,0,0,1,1,10000,1,1,0,1,0
1156782,30,1000,2000,1,1,0,100,0,-20,0,3,0,-4,-10,5.5,output.csv,traj.csv,0,0,1,1,10000,1,1,0,1,0
1156783,30,1000,2000,1,1,0,100,0,-20,0,3,0,-4,-10,5.5,output.csv,traj.csv,0,0,1,1,10000,1,1,0,1,0
1156784,30,1000,2000,1,1,0,100,0,-20,0,3,0,-4,-10,5.5,output.csv,traj.csv,0,0,1,1,10000,1,1,0,1,0
1156785,30,1000,2000,1,1,0,100,0,-20,0,3,0,-4,-10,5.5,output.csv,traj.csv,0,0,1,1,10000,1,1,0,1,0
1156786,30,1000,2000,1,1,0,100,0,-20,0,3,0,-4,-10,5.5,output.csv,traj.csv,0,0,1,1,10000,1,1,0,1,0
1156787,30,1000,2000,1,1,0,100,0,-20,0,3,0,-4,-10,6.0,output.csv,traj.csv,0,0,1,1,10000,1,1,0,1,0
1156788,30,1000,2000,1,1,0,100,0,-20,0,3,0,-4,-10,6.0,output.csv,traj.csv,0,0,1,1,10000,1,1,0,1,0
1156789,30,1000,2000,1,1,0,100,0,-20,0,3,0,-4,-10,6.0,output.csv,traj.csv,0,0,1,1,10000,1,1,0,1,0
1156790,30,1000,2000,1,1,0,100,0,-20,0,3,0,-4,-10,6.0,output.csv,traj.csv,0,0,1,1,10000,1,1,0,1,0
1156791,30,1000,2000,1,1,0,100,0,-20,0,3,0,-4,-10,6.0,output.csv,traj.csv,0,0,1,1,10000,1,1,0,1,0
1156792,30,1000,2000,1,1,0,100,0,-20,0,3,0,-4,-10,6.5,output.csv,traj.csv,0,0,1,1,10000,1,1,0,1,0
1156793,30,1000,2000,1,1,0,100,0,-20,0,3,0,-4,-10,6.5,output.csv,traj.csv,0,0,1,1,10000,1,1,0,1,0
1156794,30,1000,2000,1,1,0,100,0,-20,0,3,0,-4,-10,6.5,output.csv,traj.csv,0,0,1,1,10000,1,1,0,1,0
1156795,30,1000,2000,1,1,0,100,0,-20,0,3,0,-4,-10,6.5,output.csv,traj.csv,0,0,1,1,10000,1,1,0,1,0
1156796,30,1000,2000,1,1,0,100,0,-20,0,3,0,-4,-10,6.5,output.csv,traj.csv,0,0,1,1,10000,1,1,0,1,0
1156797,30,1000,2000,1,1,0,100,0,-20,0,3,0,-4,-10,7.0,output.csv,traj.csv,0,0,1,1,10000,1,1,0,1,0
1156798,30,1000,2000,1,1,0,100,0,-20,0,3,0,-4,-10,7.0,output.csv,traj.csv,0,0,1,1,10000,1,1,0,1,0
1156799,30,1000,2000,1,1,0,100,0,-20,0,3,0,-4,-10,7.0,output.csv,traj.csv,0,0,1,1,10000,1,1,0,1,0
1156800,30,1000,2000,1,1,0,100,0,-20,0,3,0,-4,-10,7.0,output.csv,traj.csv,0,0,1,1,10000,1,1,0,1,0
1156801,30,1000,2000,1,1,0,100,0,-20,0,3,0,-4,-10,7.0,output.csv,traj.csv,0,0,1,1,10000,1,1,0,1,0
1156802,30,1000,2000,1,1,0,100,0,-20,0,3,0,-4,-10,7.5,output.csv,traj.csv,0,0,1,1,10000,1,1,0,1,0
1156803,30,1000,2000,1,1,0,100,0,-20,0,3,0,-4,-10,7.5,output.csv,traj.csv,0,0,1,1,10000,1,1,0,1,0
1156804,30,1000,2000,1,1,0,100,0,-20,0,3,0,-4,-10,7.5,output.csv,traj.csv,0,0,1,1,10000,1,1,0,1,0
1156805,30,1000,2000,1,1,0,100,0,-20,0,3,0,-4,-10,7.5,output.csv,traj.csv,0,0,1,1,10000,1,1,0,1,0
1156806,30,1000,2000,1,1,0,100,0,-20,0,3,0,-4,-10,7.5,output.csv,traj.csv,0,0,1,1,10000,1,1,0,1,0
1156807,30,1000,2000,1,1,0,100,0,-20,0,3,0,-4,-10,8.0,output.csv,traj.csv,0,0,1,1,10000,1,1,0,1,0
1156808,30,1000,2000,1,1,0,100,0,-20,0,3,0,-4,-10,8.0,output.csv,traj.csv,0,0,1,1,10000,1,1,0,1,0
1156809,30,1000,2000,1,1,0,100,0,-20,0,3,0,-4,-10,8.0,output.csv,traj.csv,0,0,1,1,10000,1,1,0,1,0
1156810,30,1000,2000,1,1,0,100,0,-20,0,3,0,-4,-10,8.0,output.csv,traj.csv,0,0,1,1,10000,1,1,0,1,0
1156811,30,1000,2000,1,1,0,100,0,-20,0,3,0,-4,-10,8.0,output.csv,traj.csv,0,0,1,1,10000,1,1,0,1,0
1156812,30,1000,2000,1,1,0,100,0,-20,0,3,0,-4,-10,8.5,output.csv,traj.csv,0,0,1,1,10000,1,1,0,1,0
1156813,30,1000,2000,1,1,0,100,0,-20,0,3,0,-4,-10,8.5,output.csv,traj.csv,0,0,1,1,10000,1,1,0,1,0
1156814,30,1000,2000,1,1,0,100,0,-20,0,3,0,-4,-10,8.5,output.csv,traj.csv,0,0,1,1,10000,1,1,0,1,0
1156815,30,1000,2000,1,1,0,100,0,-20,0,3,0,-4,-10,8.5,output.csv,traj.csv,0,0,1,1,10000,1,1,0,1,0
1156816,30,1000,2000,1,1,0,100,0,-20,0,3,0,-4,-10,8.5,output.csv,traj.csv,0,0,1,1,10000,1,1,0,1,0
1156817,30,1000,2000,1,1,0,100,0,-20,0,3,0,-4,-10,9.0,output.csv,traj.csv,0,0,1,1,10000,1,1,0,1,0
1156818,30,1000,2000,1,1,0,100,0,-20,0,3,0,-4,-10,9.0,output.csv,traj.csv,0,0,1,1,10000,1,1,0,1,0
1156819,30,1000,2000,1,1,0,100,0,-20,0,3,0,-4,-10,9.0,output.csv,traj.csv,0,0,1,1,10000,1,1,0,1,0
1156820,30,1000,2000,1,1,0,100,0,-20,0,3,0,-4,-10,9.0,output.csv,traj.csv,0,0,1,1,10000,1,1,0,1,0
1156821,30,1000,2000,1,1,0,100,0,-20,0,3,0,-4,-10,9.0,output.csv,traj.csv,0,0,1,1,10000,1,1,0,1,0
1156822,30,1000,2000,1,1,0,100,0,-20,0,3,0,-4,-10,9.5,output.csv,traj.csv,0,0,1,1,10000,1,1,0,1,0
1156823,30,1000,2000,1,1,0,100,0,-20,0,3,0,-4,-10,9.5,output.csv,traj.csv,0,0,1,1,10000,1,1,0,1,0
1156824,30,1000,2000,1,1,0,100,0,-20,0,3,0,-4,-10,9.5,output.csv,traj.csv,0,0,1,1,10000,1,1,0,1,0
1156825,30,1000,2000,1,1,0,100,0,-20,0,3,0,-4,-10,9.5,output.csv,traj.csv,0,0,1,1,10000,1,1,0,1,0
1156826,30,1000,2000,1,1,0,100,0,-20,0,3,0,-4,-10,9.5,output.csv,traj.csv,0,0,1,1,10000,1,1,0,1,0
1156827,30,1000,2000,1,1,0,100,0,-20,0,3,0,-4,-10,10.0,output.csv,traj.csv,0,0,1,1,10000,1,1,0,1,0
1156828,30,1000,2000,1,1,0,100,0,-20,0,3,0,-4,-10,10.0,output.csv,traj.csv,0,0,1,1,10000,1,1,0,1,0
1156829,30,1000,2000,1,1,0,100,0,-20,0,3,0,-4,-10,10.0,output.csv,traj.csv,0,0,1,1,10000,1,1,0,1,0
1156830,30,1000,2000,1,1,0,100,0,-20,0,3,0,-4,-10,10.0,output.csv,traj.csv,0,0,1,1,10000,1,1,0,1,0
1156831,30,1000,2000,1,1,0,100,0,-20,0,3,0,-4,-10,10.0,output.csv,traj.csv,0,0,1,1,10000,1,1,0,1,0
1156832,30,1000,2000,1,1,0,100,0,-20,0,3,0,-4,-10,10.5,output.csv,traj.csv,0,0,1,1,10000,1,1,0,1,0
1156833,30,1000,2000,1,1,0,100,0,-20,0,3,0,-4,-10,10.5,output.csv,traj.csv,0,0,1,1,10000,1,1,0,1,0
1156834,30,1000,2000,1,1,0,100,0,-20,0,3,0,-4,-10,10.5,output.csv,traj.csv,0,0,1,1,10000,1,1,0,1,0
1156835,30,1000,2000,1,1,0,100,0,-20,0,3,0,-4,-10,10.5,output.csv,traj.csv,0,0,1,1,10000,1,1,0,1,0
1156836,30,1000,2000,1,1,0,100,0,-20,0,3,0,-4,-10,10.5,output.csv,traj.csv,0,0,1,1,10000,1,1,0,1,0
1156837,30,1000,2000,1,1,0,100,0,-20,0,3,0,-4,-10,11.0,output.csv,traj.csv,0,0,1,1,10000,1,1,0,1,0
1156838,30,1000,2000,1,1,0,100,0,-20,0,3,0,-4,-10,11.0,output.csv,traj.csv,0,0,1,1,10000,1,1,0,1,0
1156839,30,1000,2000,1,1,0,100,0,-20,0,3,0,-4,-10,11.0,output.csv,traj.csv,0,0,1,1,10000,1,1,0,1,0
1156840,30,1000,2000,1,1,0,100,0,-20,0,3,0,-4,-10,11.0,output.csv,traj.csv,0,0,1,1,10000,1,1,0,1,0
1156841,30,1000,2000,1,1,0,100,0,-20,0,3,0,-4,-10,11.0,output.csv,traj.csv,0,0,1,1,10000,1,1,0,1,0
1156842,30,1000,2000,1,1,0,100,0,-20,0,3,0,-4,-10,11.5,output.csv,traj.csv,0,0,1,1,10000,1,1,0,1,0
1156843,30,1000,2000,1,1,0,100,0,-20,0,3,0,-4,-10,11.5,output.csv,traj.csv,0,0,1,1,10000,1,1,0,1,0
1156844,30,1000,2000,1,1,0,100,0,-20,0,3,0,-4,-10,11.5,output.csv,traj.csv,0,0,1,1,10000,1,1,0,1,0
1156845,30,1000,2000,1,1,0,100,0,-20,0,3,0,-4,-10,11.5,output.csv,traj.csv,0,0,1,1,10000,1,1,0,1,0
1156846,30,1000,2000,1,1,0,100,0,-20,0,3,0,-4,-10,11.5,output.csv,traj.csv,0,0,1,1,10000,1,1,0,1,0
1156847,30,1000,2000,1,1,0,100,0,-20,0,3,0,-4,-10,12.0,output.csv,traj.csv,0,0,1,1,10000,1,1,0,1,0
1156848,30,1000,2000,1,1,0,100,0,-20,0,3,0,-4,-10,12.0,output.csv,traj.csv,0,0,1,1,10000,1,1,0,1,0
1156849,30,1000,2000,1,1,0,100,0,-20,0,3,0,-4,-10,12.0,output.csv,traj.csv,0,0,1,1,10000,1,1,0,1,0
1156850,30,1000,2000,1,1,0,100,0,-20,0,3,0,-4,-10,12.0,output.csv,traj.csv,0,0,1,1,10000,1,1,0,1,0
1156851,30,1000,2000,1,1,0,100,0,-20,0,3,0,-4,-10,12.0,output.csv,traj.csv,0,0,1,1,10000,1,1,0,1,0
1156852,30,1000,2000,1,1,0,100,0,-20,0,3,0,-4,-10,12.5,output.csv,traj.csv,0,0,1,1,10000,1,1,0,1,0
1156853,30,1000,2000,1,1,0,100,0,-20,0,3,0,-4,-10,12.5,output.csv,traj.csv,0,0,1,1,10000,1,1,0,1,0
1156854,30,1000,2000,1,1,0,100,0,-20,0,3,0,-4,-10,12.5,output.csv,traj.csv,0,0,1,1,10000,1,1,0,1,0
1156855,30,1000,2000,1,1,0,100,0,-20,0,3,0,-4,-10,12.5,output.csv,traj.csv,0,0,1,1,10000,1,1,0,1,0
1156856,30,1000,2000,1,1,0,100,0,-20,0,3,0,-4,-10,12.5,output.csv,traj.csv,0,0,1,1,10000,1,1,0,1,0
1156857,30,1000,2000,1,1,0,100,0,-20,0,3,0,-4,-10,13.0,output.csv,traj.csv,0,0,1,1,10000,1,1,0,1,0
1156858,30,1000,2000,1,1,0,100,0,-20,0,3,0,-4,-10,13.0,output.csv,traj.csv,0,0,1,1,10000,1,1,0,1,0
1156859,30,1000,2000,1,1,0,100,0,-20,0,3,0,-4,-10,13.0,output.csv,traj.csv,0,0,1,1,10000,1,1,0,1,0
1156860,30,1000,2000,1,1,0,100,0,-20,0,3,0,-4,-10,13.0,output.csv,traj.csv,0,0,1,1,10000,1,1,0,1,0
1156861,30,1000,2000,1,1,0,100,0,-20,0,3,0,-4,-10,13.0,output.csv,traj.csv,0,0,1,1,10000,1,1,0,1,0
1156862,30,1000,2000,1,1,0,100,0,-20,0,3,0,-4,-10,13.5,output.csv,traj.csv,0,0,1,1,10000,1,1,0,1,0
1156863,30,1000,2000,1,1,0,100,0,-20,0,3,0,-4,-10,13.5,output.csv,traj.csv,0,0,1,1,10000,1,1,0,1,0
1156864,30,1000,2000,1,1,0,100,0,-20,0,3,0,-4,-10,13.5,output.csv,traj.csv,0,0,1,1,10000,1,1,0,1,0
1156865,30,1000,2000,1,1,0,100,0,-20,0,3,0,-4,-10,13.5,output.csv,traj.csv,0,0,1,1,10000,1,1,0,1,0
1156866,30,1000,2000,1,1,0,100,0,-20,0,3,0,-4,-10,13.5,output.csv,traj.csv,0,0,1,1,10000,1,1,0,1,0
1156867,30,1000,2000,1,1,0,100,0,-20,0,3,0,-4,-10,14.0,output.csv,traj.csv,0,0,1,1,10000,1,1,0,1,0
1156868,30,1000,2000,1,1,0,100,0,-20,0,3,0,-4,-10,14.0,output.csv,traj.csv,0,0,1,1,10000,1,1,0,1,0
1156869,30,1000,2000,1,1,0,100,0,-20,0,3,0,-4,-10,14.0,output.csv,traj.csv,0,0,1,1,10000,1,1,0,1,0
1156870,30,1000,2000,1,1,0,100,0,-20,0,3,0,-4,-10,14.0,output.csv,traj.csv,0,0,1,1,10000,1,1,0,1,0
1156871,30,1000,2000,1,1,0,100,0,-20,0,3,0,-4,-10,14.0,output.csv,traj.csv,0,0,1,1,10000,1,1,0,1,0
1156872,30,1000,2000,1,1,0,100,0,-20,0,3,0,-4,-10,14.5,output.csv,traj.csv,0,0,1,1,10000,1,1,0,1,0
1156873,30,1000,2000,1,1,0,100,0,-20,0,3,0,-4,-10,14.5,output.csv,traj.csv,0,0,1,1,10000,1,1,0,1,0
1156874,30,1000,2000,1,1,0,100,0,-20,0,3,0,-4,-10,14.5,output.csv,traj.csv,0,0,1,1,10000,1,1,0,1,0
1156875,30,1000,2000,1,1,0,100,0,-20,0,3,0,-4,-10,14.5,output.csv,traj.csv,0,0,1,1,10000,1,1,0,1,0
1156876,30,1000,2000,1,1,0,100,0,-20,0,3,0,-4,-10,14.5,output.csv,traj.csv,0,0,1,1,10000,1,1,0,1,0
1156877,30,1000,2000,1,1,0,100,0,-20,0,3,0,-4,-10,15.0,output.csv,traj.csv,0,0,1,1,10000,1,1,0,1,0
1156878,30,1000,2000,1,1,0,100,0,-20,0,3,0,-4,-10,15.0,output.csv,traj.csv,0,0,1,1,10000,1,1,0,1,0
1156879,30,1000,2000,1,1,0,100,0,-20,0,3,0,-4,-10,15.0,output.csv,traj.csv,0,0,1,1,10000,1,1,0,1,0
1156880,30,1000,2000,1,1,0,100,0,-20,0,3,0,-4,-10,15.0,output.csv,traj.csv,0,0,1,1,10000,1,1,0,1,0
1156881,30,1000,2000,1,1,0,100,0,-20,0,3,0,-4,-10,15.0,output.csv,traj.csv,0,0,1,1,10000,1,1,0,1,0
1156882,30,1000,2000,1,1,0,100,0,-20,0,3,0,-4,-10,15.5,output.csv,traj.csv,0,0,1,1,10000,1,1,0,1,0
1156883,30,1000,2000,1,1,0,100,0,-20,0,3,0,-4,-10,15.5,output.csv,traj.csv,0,0,1,1,10000,1,1,0,1,0
1156884,30,1000,2000,1,1,0,100,0,-20,0,3,0,-4,-10,15.5,output.csv,traj.csv,0,0,1,1,10000,1,1,0,1,0
1156885,30,1000,2000,1,1,0,100,0,-20,0,3,0,-4,-10,15.5,output.csv,traj.csv,0,0,1,1,10000,1,1,0,1,0
1156886,30,1000,2000,1,1,0,100,0,-20,0,3,0,-4,-10,15.5,output.csv,traj.csv,0,0,1,1,10000,1,1,0,1,0
1156887,30,1000,2000,1,1,0,100,0,-20,0,3,0,-4,-10,16.0,output.csv,traj.csv,0,0,1,1,10000,1,1,0,1,0
1156888,30,1000,2000,1,1,0,100,0,-20,0,3,0,-4,-10,16.0,output.csv,traj.csv,0,0,1,1,10000,1,1,0,1,0
1156889,30,1000,2000,1,1,0,100,0,-20,0,3,0,-4,-10,16.0,output.csv,traj.csv,0,0,1,1,10000,1,1,0,1,0
1156890,30,1000,2000,1,1,0,100,0,-20,0,3,0,-4,-10,16.0,output.csv,traj.csv,0,0,1,1,10000,1,1,0,1,0
1156891,30,1000,2000,1,1,0,100,0,-20,0,3,0,-4,-10,16.0,output.csv,traj.csv,0,0,1,1,10000,1,1,0,1,0
1156892,30,1000,2000,1,1,0,100,0,-20,0,3,0,-4,-10,16.5,output.csv,traj.csv,0,0,1,1,10000,1,1,0,1,0
1156893,30,1000,2000,1,1,0,100,0,-20,0,3,0,-4,-10,16.5,output.csv,traj.csv,0,0,1,1,10000,1,1,0,1,0
1156894,30,1000,2000,1,1,0,100,0,-20,0,3,0,-4,-10,16.5,output.csv,traj.csv,0,0,1,1,10000,1,1,0,1,0
1156895,30,1000,2000,1,1,0,100,0,-20,0,3,0,-4,-10,16.5,output.csv,traj.csv,0,0,1,1,10000,1,1,0,1,0
1156896,30,1000,2000,1,1,0,100,0,-20,0,3,0,-4,-10,16.5,output.csv,traj.csv,0,0,1,1,10000,1,1,0,1,0
1156897,30,1000,2000,1,1,0,100,0,-20,0,3,0,-4,-10,17.0,output.csv,traj.csv,0,0,1,1,10000,1,1,0,1,0
1156898,30,1000,2000,1,1,0,100,0,-20,0,3,0,-4,-10,17.0,output.csv,traj.csv,0,0,1,1,10000,1,1,0,1,0
1156899,30,1000,2000,1,1,0,100,0,-20,0,3,0,-4,-10,17.0,output.csv,traj.csv,0,0,1,1,10000,1,1,0,1,0
1156900,30,1000,2000,1,1,0,100,0,-20,0,3,0,-4,-10,17.0,output.csv,traj.csv,0,0,1,1,10000,1,1,0,1,0
1156901,30,1000,2000,1,1,0,100,0,-20,0,3,0,-4,-10,17.0,output.csv,traj.csv,0,0,1,1,10000,1,1,0,1,0
1156902,30,1000,2000,1,1,0,100,0,-20,0,3,0,-4,-10,17.5,output.csv,traj.csv,0,0,1,1,10000,1,1,0,1,0
1156903,30,1000,2000,1,1,0,100,0,-20,0,3,0,-4,-10,17.5,output.csv,traj.csv,0,0,1,1,10000,1,1,0,1,0
1156904,30,1000,2000,1,1,0,100,0,-20,0,3,0,-4,-10,17.5,output.csv,traj.csv,0,0,1,1,10000,1,1,0,1,0
1156905,30,1000,2000,1,1,0,100,0,-20,0,3,0,-4,-10,17.5,output.csv,traj.csv,0,0,1,1,10000,1,1,0,1,0
1156906,30,1000,2000,1,1,0,100,0,-20,0,3,0,-4,-10,17.5,output.csv,traj.csv,0,0,1,1,10000,1,1,0,1,0
1156907,30,1000,2000,1,1,0,100,0,-20,0,3,0,-4,-10,18.0,output.csv,traj.csv,0,0,1,1,10000,1,1,0,1,0
1156908,30,1000,2000,1,1,0,100,0,-20,0,3,0,-4,-10,18.0,output.csv,traj.csv,0,0,1,1,10000,1,1,0,1,0
1156909,30,1000,2000,1,1,0,100,0,-20,0,3,0,-4,-10,18.0,output.csv,traj.csv,0,0,1,1,10000,1,1,0,1,0
1156910,30,1000,2000,1,1,0,100,0,-20,0,3,0,-4,-10,18.0,output.csv,traj.csv,0,0,1,1,10000,1,1,0,1,0
1156911,30,1000,2000,1,1,0,100,0,-20,0,3,0,-4,-10,18.0,output.csv,traj.csv,0,0,1,1,10000,1,1,0,1,0
1156912,30,1000,2000,1,1,0,100,0,-20,0,3,0,-4,-10,18.5,output.csv,traj.csv,0,0,1,1,10000,1,1,0,1,0
1156913,30,1000,2000,1,1,0,100,0,-20,0,3,0,-4,-10,18.5,output.csv,traj.csv,0,0,1,1,10000,1,1,0,1,0
1156914,30,1000,2000,1,1,0,100,0,-20,0,3,0,-4,-10,18.5,output.csv,traj.csv,0,0,1,1,10000,1,1,0,1,0
1156915,30,1000,2000,1,1,0,100,0,-20,0,3,0,-4,-10,18.5,output.csv,traj.csv,0,0,1,1,10000,1,1,0,1,0
1156916,30,1000,2000,1,1,0,100,0,-20,0,3,0,-4,-10,18.5,output.csv,traj.csv,0,0,1,1,10000,1,1,0,1,0
1156917,30,1000,2000,1,1,0,100,0,-20,0,3,0,-4,-10,19.0,output.csv,traj.csv,0,0,1,1,10000,1,1,0,1,0
1156918,30,1000,2000,1,1,0,100,0,-20,0,3,0,-4,-10,19.0,output.csv,traj.csv,0,0,1,1,10000,1,1,0,1,0
1156919,30,1000,2000,1,1,0,100,0,-20,0,3,0,-4,-10,19.0,output.csv,traj.csv,0,0,1,1,10000,1,1,0,1,0
1156920,30,1000,2000,1,1,0,100,0,-20,0,3,0,-4,-10,19.0,output.csv,traj.csv,0,0,1,1,10000,1,1,0,1,0
1156921,30,1000,2000,1,1,0,100,0,-20,0,3,0,-4,-10,19.0,output.csv,traj.csv,0,0,1,1,10000,1,1,0,1,0
1156922,30,1000,2000,1,1,0,100,0,-20,0,3,0,-4,-10,19.5,output.csv,traj.csv,0,0,1,1,10000,1,1,0,1,0
1156923,30,1000,2000,1,1,0,100,0,-20,0,3,0,-4,-10,19.5,output.csv,traj.csv,0,0,1,1,10000,1,1,0,1,0
1156924,30,1000,2000,1,1,0,100,0,-20,0,3,0,-4,-10,19.5,output.csv,traj.csv,0,0,1,1,10000,1,1,0,1,0
1156925,30,1000,2000,1,1,0,100,0,-20,0,3,0,-4,-10,19.5,output.csv,traj.csv,0,0,1,1,10000,1,1,0,1,0
1156926,30,1000,2000,1,1,0,100,0,-20,0,3,0,-4,-10,19.5,output.csv,traj.csv,0,0,1,1,10000,1,1,0,1,0
1156927,30,1000,2000,1,1,0,100,0,-20,0,3,0,-4,-10,20.0,output.csv,traj.csv,0,0,1,1,10000,1,1,0,1,0
1156928,30,1000,2000,1,1,0,100,0,-20,0,3,0,-4,-10,20.0,output.csv,traj.csv,0,0,1,1,10000,1,1,0,1,0
1156929,30,1000,2000,1,1,0,100,0,-20,0,3,0,-4,-10,20.0,output.csv,traj.csv,0,0,1,1,10000,1,1,0,1,0
1156930,30,1000,2000,1,1,0,100,0,-20,0,3,0,-4,-10,20.0,output.csv,traj.csv,0,0,1,1,10000,1,1,0,1,0
1156931,30,1000,2000,1,1,0,100,0,-20,0,3,0,-4,-10,20.0,output.csv,traj.csv,0,0,1,1,10000,1,1,0,1,0
1156932,30,1000,2000,1,1,0,100,0,-20,0,3,0,-4,-10,20.5,output.csv,traj.csv,0,0,1,1,10000,1,1,0,1,0
1156933,30,1000,2000,1,1,0,100,0,-20,0,3,0,-4,-10,20.5,output.csv,traj.csv,0,0,1,1,10000,1,1,0,1,0
1156934,30,1000,2000,1,1,0,100,0,-20,0,3,0,-4,-10,20.5,output.csv,traj.csv,0,0,1,1,10000,1,1,0,1,0
1156935,30,1000,2000,1,1,0,100,0,-20,0,3,0,-4,-10,20.5,output.csv,traj.csv,0,0,1,1,10000,1,1,0,1,0
1156936,30,1000,2000,1,1,0,100,0,-20,0,3,0,-4,-10,20.5,output.csv,traj.csv,0,0,1,1,10000,1,1,0,1,0
1156937,30,1000,2000,1,1,0,100,0,-20,0,3,0,-4,-10,21.0,output.csv,traj.csv,0,0,1,1,10000,1,1,0,1,0
1156938,30,1000,2000,1,1,0,100,0,-20,0,3,0,-4,-10,21.0,output.csv,traj.csv,0,0,1,1,10000,1,1,0,1,0
1156939,30,1000,2000,1,1,0,100,0,-20,0,3,0,-4,-10,21.0,output.csv,traj.csv,0,0,1,1,10000,1,1,0,1,0
1156940,30,1000,2000,1,1,0,100,0,-20,0,3,0,-4,-10,21.0,output.csv,traj.csv,0,0,1,1,10000,1,1,0,1,0
1156941,30,1000,2000,1,1,0,100,0,-20,0,3,0,-4,-10,21.0,output.csv,traj.csv,0,0,1,1,10000,1,1,0,1,0
1156942,30,1000,2000,1,1,0,100,0,-20,0,3,0,-4,-10,21.5,output.csv,traj.csv,0,0,1,1,10000,1,1,0,1,0
1156943,30,1000,2000,1,1,0,100,0,-20,0,3,0,-4,-10,21.5,output.csv,traj.csv,0,0,1,1,10000,1,1,0,1,0
1156944,30,1000,2000,1,1,0,100,0,-20,0,3,0,-4,-10,21.5,output.csv,traj.csv,0,0,1,1,10000,1,1,0,1,0
1156945,30,1000,2000,1,1,0,100,0,-20,0,3,0,-4,-10,21.5,output.csv,traj.csv,0,0,1,1,10000,1,1,0,1,0
1156946,30,1000,2000,1,1,0,100,0,-20,0,3,0,-4,-10,21.5,output.csv,traj.csv,0,0,1,1,10000,1,1,0,1,0
1156947,30,1000,2000,1,1,0,100,0,-20,0,3,0,-4,-10,22.0,output.csv,traj.csv,0,0,1,1,10000,1,1,0,1,0
1156948,30,1000,2000,1,1,0,100,0,-20,0,3,0,-4,-10,22.0,output.csv,traj.csv,0,0,1,1,10000,1,1,0,1,0
1156949,30,1000,2000,1,1,0,100,0,-20,0,3,0,-4,-10,22.0,output.csv,traj.csv,0,0,1,1,10000,1,1,0,1,0
1156950,30,1000,2000,1,1,0,100,0,-20,0,3,0,-4,-10,22.0,output.csv,traj.csv,0,0,1,1,10000,1,1,0,1,0
1156951,30,1000,2000,1,1,0,100,0,-20,0,3,0,-4,-10,22.0,output.csv,traj.csv,0,0,1,1,10000,1,1,0,1,0
1156952,30,1000,2000,1,1,0,100,0,-20,0,3,0,-4,-10,22.5,output.csv,traj.csv,0,0,1,1,10000,1,1,0,1,0
1156953,30,1000,2000,1,1,0,100,0,-20,0,3,0,-4,-10,22.5,output.csv,traj.csv,0,0,1,1,10000,1,1,0,1,0
1156954,30,1000,2000,1,1,0,100,0,-20,0,3,0,-4,-10,22.5,output.csv,traj.csv,0,0,1,1,10000,1,1,0,1,0
1156955,30,1000,2000,1,1,0,100,0,-20,0,3,0,-4,-10,22.5,output.csv,traj.csv,0,0,1,1,10000,1,1,0,1,0
1156956,30,1000,2000,1,1,0,100,0,-20,0,3,0,-4,-10,22.5,output.csv,traj.csv,0,0,1,1,10000,1,1,0,1,0
1156957,30,1000,2000,1,1,0,100,0,-20,0,3,0,-4,-10,23.0,output.csv,traj.csv,0,0,1,1,10000,1,1,0,1,0
1156958,30,1000,2000,1,1,0,100,0,-20,0,3,0,-4,-10,23.0,output.csv,traj.csv,0,0,1,1,10000,1,1,0,1,0
1156959,30,1000,2000,1,1,0,100,0,-20,0,3,0,-4,-10,23.0,output.csv,traj.csv,0,0,1,1,10000,1,1,0,1,0
1156960,30,1000,2000,1,1,0,100,0,-20,0,3,0,-4,-10,23.0,output.csv,traj.csv,0,0,1,1,10000,1,1,0,1,0
1156961,30,1000,2000,1,1,0,100,0,-20,0,3,0,-4,-10,23.0,output.csv,traj.csv,0,0,1,1,10000,1,1,0,1,0
1156962,30,1000,2000,1,1,0,100,0,-20,0,3,0,-4,-10,23.5,output.csv,traj.csv,0,0,1,1,10000,1,1,0,1,0
1156963,30,1000,2000,1,1,0,100,0,-20,0,3,0,-4,-10,23.5,output.csv,traj.csv,0,0,1,1,10000,1,1,0,1,0
1156964,30,1000,2000,1,1,0,100,0,-20,0,3,0,-4,-10,23.5,output.csv,traj.csv,0,0,1,1,10000,1,1,0,1,0
1156965,30,1000,2000,1,1,0,100,0,-20,0,3,0,-4,-10,23.5,output.csv,traj.csv,0,0,1,1,10000,1,1,0,1,0
1156966,30,1000,2000,1,1,0,100,0,-20,0,3,0,-4,-10,23.5,output.csv,traj.csv,0,0,1,1,10000,1,1,0,1,0
1156967,30,1000,2000,1,1,0,100,0,-20,0,3,0,-4,-10,24.0,output.csv,traj.csv,0,0,1,1,10000,1,1,0,1,0
1156968,30,1000,2000,1,1,0,100,0,-20,0,3,0,-4,-10,24.0,output.csv,traj.csv,0,0,1,1,10000,1,1,0,1,0
1156969,30,1000,2000,1,1,0,100,0,-20,0,3,0,-4,-10,24.0,output.csv,traj.csv,0,0,1,1,10000,1,1,0,1,0
1156970,30,1000,2000,1,1,0,100,0,-20,0,3,0,-4,-10,24.0,output.csv,traj.csv,0,0,1,1,10000,1,1,0,1,0
1156971,30,1000,2000,1,1,0,100,0,-20,0,3,0,-4,-10,24.0,output.csv,traj.csv,0,0,1,1,10000,1,1,0,1,0
1156972,30,1000,2000,1,1,0,100,0,-20,0,3,0,-4,-10,24.5,output.csv,traj.csv,0,0,1,1,10000,1,1,0,1,0
1156973,30,1000,2000,1,1,0,100,0,-20,0,3,0,-4,-10,24.5,output.csv,traj.csv,0,0,1,1,10000,1,1,0,1,0
1156974,30,1000,2000,1,1,0,100,0,-20,0,3,0,-4,-10,24.5,output.csv,traj.csv,0,0,1,1,10000,1,1,0,1,0
1156975,30,1000,2000,1,1,0,100,0,-20,0,3,0,-4,-10,24.5,output.csv,traj.csv,0,0,1,1,10000,1,1,0,1,0
1156976,30,1000,2000,1,1,0,100,0,-20,0,3,0,-4,-10,24.5,output.csv,traj.csv,0,0,1,1,10000,1,1,0,1,0
1156977,30,1000,2000,1,1,0,100,0,-20,0,3,0,-4,-10,25.0,output.csv,traj.csv,0,0,1,1,10000,1,1,0,1,0
1156978,30,1000,2000,1,1,0,100,0,-20,0,3,0,-4,-10,25.0,output.csv,traj.csv,0,0,1,1,10000,1,1,0,1,0
1156979,30,1000,2000,1,1,0,100,0,-20,0,3,0,-4,-10,25.0,output.csv,traj.csv,0,0,1,1,10000,1,1,0,1,0
1156980,30,1000,2000,1,1,0,100,0,-20,0,3,0,-4,-10,25.0,output.csv,traj.csv,0,0,1,1,10000,1,1,0,1,0
1156981,30,1000,2000,1,1,0,100,0,-20,0,3,0,-4,-10,25.0,output.csv,traj.csv,0,0,1,1,10000,1,1,0,1,0
1156982,30,1000,2000,1,1,0,100,0,-20,0,3,0,-4,-10,25.5,output.csv,traj.csv,0,0,1,1,10000,1,1,0,1,0
1156983,30,1000,2000,1,1,0,100,0,-20,0,3,0,-4,-10,25.5,output.csv,traj.csv,0,0,1,1,10000,1,1,0,1,0
1156984,30,1000,2000,1,1,0,100,0,-20,0,3,0,-4,-10,25.5,output.csv,traj.csv,0,0,1,1,10000,1,1,0,1,0
1156985,30,1000,2000,1,1,0,100,0,-20,0,3,0,-4,-10,25.5,output.csv,traj.csv,0,0,1,1,10000,1,1,0,1,0
1156986,30,1000,2000,1,1,0,100,0,-20,0,3,0,-4,-10,25.5,output.csv,traj.csv,0,0,1,1,10000,1,1,0,1,0
1156987,30,1000,2000,1,1,0,100,0,-20,0,3,0,-4,-10,26.0,output.csv,traj.csv,0,0,1,1,10000,1,1,0,1,0
1156988,30,1000,2000,1,1,0,100,0,-20,0,3,0,-4,-10,26.0,output.csv,traj.csv,0,0,1,1,10000,1,1,0,1,0
1156989,30,1000,2000,1,1,0,100,0,-20,0,3,0,-4,-10,26.0,output.csv,traj.csv,0,0,1,1,10000,1,1,0,1,0
1156990,30,1000,2000,1,1,0,100,0,-20,0,3,0,-4,-10,26.0,output.csv,traj.csv,0,0,1,1,10000,1,1,0,1,0
1156991,30,1000,2000,1,1,0,100,0,-20,0,3,0,-4,-10,26.0,output.csv,traj.csv,0,0,1,1,10000,1,1,0,1,0
1156992,30,1000,2000,1,1,0,100,0,-20,0,3,0,-4,-10,26.5,output.csv,traj.csv,0,0,1,1,10000,1,1,0,1,0
1156993,30,1000,2000,1,1,0,100,0,-20,0,3,0,-4,-10,26.5,output.csv,traj.csv,0,0,1,1,10000,1,1,0,1,0
1156994,30,1000,2000,1,1,0,100,0,-20,0,3,0,-4,-10,26.5,output.csv,traj.csv,0,0,1,1,10000,1,1,0,1,0
1156995,30,1000,2000,1,1,0,100,0,-20,0,3,0,-4,-10,26.5,output.csv,traj.csv,0,0,1,1,10000,1,1,0,1,0
1156996,30,1000,2000,1,1,0,100,0,-20,0,3,0,-4,-10,26.5,output.csv,traj.csv,0,0,1,1,10000,1,1,0,1,0
1156997,30,1000,2000,1,1,0,100,0,-20,0,3,0,-4,-10,27.0,output.csv,traj.csv,0,0,1,1,10000,1,1,0,1,0
1156998,30,1000,2000,1,1,0,100,0,-20,0,3,0,-4,-10,27.0,output.csv,traj.csv,0,0,1,1,10000,1,1,0,1,0
1156999,30,1000,2000,1,1,0,100,0,-20,0,3,0,-4,-10,27.0,output.csv,traj.csv,0,0,1,1,10000,1,1,0,1,0
1157000,30,1000,2000,1,1,0,100,0,-20,0,3,0,-4,-10,27.0,output.csv,traj.csv,0,0,1,1,10000,1,1,0,1,0
1157001,30,1000,2000,1,1,0,100,0,-20,0,3,0,-4,-10,27.0,output.csv,traj.csv,0,0,1,1,10000,1,1,0,1,0
1157002,30,1000,2000,1,1,0,100,0,-20,0,3,0,-4,-10,27.5,output.csv,traj.csv,0,0,1,1,10000,1,1,0,1,0
1157003,30,1000,2000,1,1,0,100,0,-20,0,3,0,-4,-10,27.5,output.csv,traj.csv,0,0,1,1,10000,1,1,0,1,0
1157004,30,1000,2000,1,1,0,100,0,-20,0,3,0,-4,-10,27.5,output.csv,traj.csv,0,0,1,1,10000,1,1,0,1,0
1157005,30,1000,2000,1,1,0,100,0,-20,0,3,0,-4,-10,27.5,output.csv,traj.csv,0,0,1,1,10000,1,1,0,1,0
1157006,30,1000,2000,1,1,0,100,0,-20,0,3,0,-4,-10,27.5,output.csv,traj.csv,0,0,1,1,10000,1,1,0,1,0
1157007,30,1000,2000,1,1,0,100,0,-20,0,3,0,-4,-10,28.0,output.csv,traj.csv,0,0,1,1,10000,1,1,0,1,0
1157008,30,1000,2000,1,1,0,100,0,-20,0,3,0,-4,-10,28.0,output.csv,traj.csv,0,0,1,1,10000,1,1,0,1,0
1157009,30,1000,2000,1,1,0,100,0,-20,0,3,0,-4,-10,28.0,output.csv,traj.csv,0,0,1,1,10000,1,1,0,1,0
1157010,30,1000,2000,1,1,0,100,0,-20,0,3,0,-4,-10,28.0,output.csv,traj.csv,0,0,1,1,10000,1,1,0,1,0
1157011,30,1000,2000,1,1,0,100,0,-20,0,3,0,-4,-10,28.0,output.csv,traj.csv,0,0,1,1,10000,1,1,0,1,0
1157012,30,1000,2000,1,1,0,100,0,-20,0,3,0,-4,-10,28.5,output.csv,traj.csv,0,0,1,1,10000,1,1,0,1,0
1157013,30,1000,2000,1,1,0,100,0,-20,0,3,0,-4,-10,28.5,output.csv,traj.csv,0,0,1,1,10000,1,1,0,1,0
1157014,30,1000,2000,1,1,0,100,0,-20,0,3,0,-4,-10,28.5,output.csv,traj.csv,0,0,1,1,10000,1,1,0,1,0
1157015,30,1000,2000,1,1,0,100,0,-20,0,3,0,-4,-10,28.5,output.csv,traj.csv,0,0,1,1,10000,1,1,0,1,0
1157016,30,1000,2000,1,1,0,100,0,-20,0,3,0,-4,-10,28.5,output.csv,traj.csv,0,0,1,1,10000,1,1,0,1,0
1157017,30,1000,2000,1,1,0,100,0,-20,0,3,0,-4,-10,29.0,output.csv,traj.csv,0,0,1,1,10000,1,1,0,1,0
1157018,30,1000,2000,1,1,0,100,0,-20,0,3,0,-4,-10,29.0,output.csv,traj.csv,0,0,1,1,10000,1,1,0,1,0
1157019,30,1000,2000,1,1,0,100,0,-20,0,3,0,-4,-10,29.0,output.csv,traj.csv,0,0,1,1,10000,1,1,0,1,0
1157020,30,1000,2000,1,1,0,100,0,-20,0,3,0,-4,-10,29.0,output.csv,traj.csv,0,0,1,1,10000,1,1,0,1,0
1157021,30,1000,2000,1,1,0,100,0,-20,0,3,0,-4,-10,29.0,output.csv,traj.csv,0,0,1,1,10000,1,1,0,1,0
1157022,30,1000,2000,1,1,0,100,0,-20,0,3,0,-4,-10,29.5,output.csv,traj.csv,0,0,1,1,10000,1,1,0,1,0
1157023,30,1000,2000,1,1,0,100,0,-20,0,3,0,-4,-10,29.5,output.csv,traj.csv,0,0,1,1,10000,1,1,0,1,0
1157024,30,1000,2000,1,1,0,100,0,-20,0,3,0,-4,-10,29.5,output.csv,traj.csv,0,0,1,1,10000,1,1,0,1,0
1157025,30,1000,2000,1,1,0,100,0,-20,0,3,0,-4,-10,29.5,output.csv,traj.csv,0,0,1,1,10000,1,1,0,1,0
1157026,30,1000,2000,1,1,0,100,0,-20,0,3,0,-4,-10,29.5,output.csv,traj.csv,0,0,1,1,10000,1,1,0,1,0
1157027,30,1000,2000,1,1,0,100,0,-20,0,3,0,-4,-10,30.0,output.csv,traj.csv,0,0,1,1,10000,1,1,0,1,0
1157028,30,1000,2000,1,1,0,100,0,-20,0,3,0,-4,-10,30.0,output.csv,traj.csv,0,0,1,1,10000,1,1,0,1,0
1157029,30,1000,2000,1,1,0,100,0,-20,0,3,0,-4,-10,30.0,output.csv,traj.csv,0,0,1,1,10000,1,1,0,1,0
1157030,30,1000,2000,1,1,0,100,0,-20,0,3,0,-4,-10,30.0,output.csv,traj.csv,0,0,1,1,10000,1,1,0,1,0
1157031,30,1000,2000,1,1,0,100,0,-20,0,3,0,-4,-10,30.0,output.csv,traj.csv,0,0,1,1,10000,1,1,0,1,0
1157032,30,1000,2000,1,1,0,100,0,-20,0,3,0,-4,-10,30.5,output.csv,traj.csv,0,0,1,1,10000,1,1,0,1,0
1157033,30,1000,2000,1,1,0,100,0,-20,0,3,0,-4,-10,30.5,output.csv,traj.csv,0,0,1,1,10000,1,1,0,1,0
1157034,30,1000,2000,1,1,0,100,0,-20,0,3,0,-4,-10,30.5,output.csv,traj.csv,0,0,1,1,10000,1,1,0,1,0
1157035,30,1000,2000,1,1,0,100,0,-20,0,3,0,-4,-10,30.5,output.csv,traj.csv,0,0,1,1,10000,1,1,0,1,0
1157036,30,1000,2000,1,1,0,100,0,-20,0,3,0,-4,-10,30.5,output.csv,traj.csv,0,0,1,1,10000,1,1,0,1,0
1157037,30,1000,2000,1,1,0,100,0,-20,0,3,0,-4,-10,31.0,output.csv,traj.csv,0,0,1,1,10000,1,1,0,1,0
1157038,30,1000,2000,1,1,0,100,0,-20,0,3,0,-4,-10,31.0,output.csv,traj.csv,0,0,1,1,10000,1,1,0,1,0
1157039,30,1000,2000,1,1,0,100,0,-20,0,3,0,-4,-10,31.0,output.csv,traj.csv,0,0,1,1,10000,1,1,0,1,0
1157040,30,1000,2000,1,1,0,100,0,-20,0,3,0,-4,-10,31.0,output.csv,traj.csv,0,0,1,1,10000,1,1,0,1,0
1157041,30,1000,2000,1,1,0,100,0,-20,0,3,0,-4,-10,31.0,output.csv,traj.csv,0,0,1,1,10000,1,1,0,1,0
1157042,30,1000,2000,1,1,0,100,0,-20,0,3,0,-4,-10,31.5,output.csv,traj.csv,0,0,1,1,10000,1,1,0,1,0
1157043,30,1000,2000,1,1,0,100,0,-20,0,3,0,-4,-10,31.5,output.csv,traj.csv,0,0,1,1,10000,1,1,0,1,0
1157044,30,1000,2000,1,1,0,100,0,-20,0,3,0,-4,-10,31.5,output.csv,traj.csv,0,0,1,1,10000,1,1,0,1,0
1157045,30,1000,2000,1,1,0,100,0,-20,0,3,0,-4,-10,31.5,output.csv,traj.csv,0,0,1,1,10000,1,1,0,1,0
1157046,30,1000,2000,1,1,0,100,0,-20,0,3,0,-4,-10,31.5,output.csv,traj.csv,0,0,1,1,10000,1,1,0,1,0
1157047,30,1000,2000,1,1,0,100,0,-20,0,3,0,-4,-10,32.0,output.csv,traj.csv,0,0,1,1,10000,1,1,0,1,0
1157048,30,1000,2000,1,1,0,100,0,-20,0,3,0,-4,-10,32.0,output.csv,traj.csv,0,0,1,1,10000,1,1,0,1,0
1157049,30,1000,2000,1,1,0,100,0,-20,0,3,0,-4,-10,32.0,output.csv,traj.csv,0,0,1,1,10000,1,1,0,1,0
1157050,30,1000,2000,1,1,0,100,0,-20,0,3,0,-4,-10,32.0,output.csv,traj.csv,0,0,1,1,10000,1,1,0,1,0
1157051,30,1000,2000,1,1,0,100,0,-20,0,3,0,-4,-10,32.0,output.csv,traj.csv,0,0,1,1,10000,1,1,0,1,0
1157052,30,1000,2000,1,1,0,100,0,-20,0,3,0,-4,-10,32.5,output.csv,traj.csv,0,0,1,1,10000,1,1,0,1,0
1157053,30,1000,2000,1,1,0,100,0,-20,0,3,0,-4,-10,32.5,output.csv,traj.csv,0,0,1,1,10000,1,1,0,1,0
1157054,30,1000,2000,1,1,0,100,0,-20,0,3,0,-4,-10,32.5,output.csv,traj.csv,0,0,1,1,10000,1,1,0,1,0
1157055,30,1000,2000,1,1,0,100,0,-20,0,3,0,-4,-10,32.5,output.csv,traj.csv,0,0,1,1,10000,1,1,0,1,0
1157056,30,1000,2000,1,1,0,100,0,-20,0,3,0,-4,-10,32.5,output.csv,traj.csv,0,0,1,1,10000,1,1,0,1,0
1157057,30,1000,2000,1,1,0,100,0,-20,0,3,0,-4,-10,33.0,output.csv,traj.csv,0,0,1,1,10000,1,1,0,1,0
1157058,30,1000,2000,1,1,0,100,0,-20,0,3,0,-4,-10,33.0,output.csv,traj.csv,0,0,1,1,10000,1,1,0,1,0
1157059,30,1000,2000,1,1,0,100,0,-20,0,3,0,-4,-10,33.0,output.csv,traj.csv,0,0,1,1,10000,1,1,0,1,0
1157060,30,1000,2000,1,1,0,100,0,-20,0,3,0,-4,-10,33.0,output.csv,traj.csv,0,0,1,1,10000,1,1,0,1,0
1157061,30,1000,2000,1,1,0,100,0,-20,0,3,0,-4,-10,33.0,output.csv,traj.csv,0,0,1,1,10000,1,1,0,1,0
1157062,30,1000,2000,1,1,0,100,0,-20,0,3,0,-4,-10,33.5,output.csv,traj.csv,0,0,1,1,10000,1,1,0,1,0
1157063,30,1000,2000,1,1,0,100,0,-20,0,3,0,-4,-10,33.5,output.csv,traj.csv,0,0,1,1,10000,1,1,0,1,0
1157064,30,1000,2000,1,1,0,100,0,-20,0,3,0,-4,-10,33.5,output.csv,traj.csv,0,0,1,1,10000,1,1,0,1,0
1157065,30,1000,2000,1,1,0,100,0,-20,0,3,0,-4,-10,33.5,output.csv,traj.csv,0,0,1,1,10000,1,1,0,1,0
1157066,30,1000,2000,1,1,0,100,0,-20,0,3,0,-4,-10,33.5,output.csv,traj.csv,0,0,1,1,10000,1,1,0,1,0
1157067,30,1000,2000,1,1,0,100,0,-20,0,3,0,-4,-10,34.0,output.csv,traj.csv,0,0,1,1,10000,1,1,0,1,0
1157068,30,1000,2000,1,1,0,100,0,-20,0,3,0,-4,-10,34.0,output.csv,traj.csv,0,0,1,1,10000,1,1,0,1,0
1157069,30,1000,2000,1,1,0,100,0,-20,0,3,0,-4,-10,34.0,output.csv,traj.csv,0,0,1,1,10000,1,1,0,1,0
1157070,30,1000,2000,1,1,0,100,0,-20,0,3,0,-4,-10,34.0,output.csv,traj.csv,0,0,1,1,10000,1,1,0,1,0
1157071,30,1000,2000,1,1,0,100,0,-20,0,3,0,-4,-10,34.0,output.csv,traj.csv,0,0,1,1,10000,1,1,0,1,0
1157072,30,1000,2000,1,1,0,100,0,-20,0,3,0,-4,-10,34.5,output.csv,traj.csv,0,0,1,1,10000,1,1,0,1,0
1157073,30,1000,2000,1,1,0,100,0,-20,0,3,0,-4,-10,34.5,output.csv,traj.csv,0,0,1,1,10000,1,1,0,1,0
1157074,30,1000,2000,1,1,0,100,0,-20,0,3,0,-4,-10,34.5,output.csv,traj.csv,0,0,1,1,10000,1,1,0,1,0
1157075,30,1000,2000,1,1,0,100,0,-20,0,3,0,-4,-10,34.5,output.csv,traj.csv,0,0,1,1,10000,1,1,0,1,0
1157076,30,1000,2000,1,1,0,100,0,-20,0,3,0,-4,-10,34.5,output.csv,traj.csv,0,0,1,1,10000,1,1,0,1,0
1157077,30,1000,2000,1,1,0,100,0,-20,0,3,0,-4,-10,35.0,output.csv,traj.csv,0,0,1,1,10000,1,1,0,1,0
1157078,30,1000,2000,1,1,0,100,0,-20,0,3,0,-4,-10,35.0,output.csv,traj.csv,0,0,1,1,10000,1,1,0,1,0
1157079,30,1000,2000,1,1,0,100,0,-20,0,3,0,-4,-10,35.0,output.csv,traj.csv,0,0,1,1,10000,1,1,0,1,0
1157080,30,1000,2000,1,1,0,100,0,-20,0,3,0,-4,-10,35.0,output.csv,traj.csv,0,0,1,1,10000,1,1,0,1,0
1157081,30,1000,2000,1,1,0,100,0,-20,0,3,0,-4,-10,35.0,output.csv,traj.csv,0,0,1,1,10000,1,1,0,1,0
1157082,30,1000,2000,1,1,0,100,0,-20,0,3,0,-4,-10,35.5,output.csv,traj.csv,0,0,1,1,10000,1,1,0,1,0
1157083,30,1000,2000,1,1,0,100,0,-20,0,3,0,-4,-10,35.5,output.csv,traj.csv,0,0,1,1,10000,1,1,0,1,0
1157084,30,1000,2000,1,1,0,100,0,-20,0,3,0,-4,-10,35.5,output.csv,traj.csv,0,0,1,1,10000,1,1,0,1,0
1157085,30,1000,2000,1,1,0,100,0,-20,0,3,0,-4,-10,35.5,output.csv,traj.csv,0,0,1,1,10000,1,1,0,1,0
1157086,30,1000,2000,1,1,0,100,0,-20,0,3,0,-4,-10,35.5,output.csv,traj.csv,0,0,1,1,10000,1,1,0,1,0
1157087,30,1000,2000,1,1,0,100,0,-20,0,3,0,-4,-10,36.0,output.csv,traj.csv,0,0,1,1,10000,1,1,0,1,0
1157088,30,1000,2000,1,1,0,100,0,-20,0,3,0,-4,-10,36.0,output.csv,traj.csv,0,0,1,1,10000,1,1,0,1,0
1157089,30,1000,2000,1,1,0,100,0,-20,0,3,0,-4,-10,36.0,output.csv,traj.csv,0,0,1,1,10000,1,1,0,1,0
1157090,30,1000,2000,1,1,0,100,0,-20,0,3,0,-4,-10,36.0,output.csv,traj.csv,0,0,1,1,10000,1,1,0,1,0
1157091,30,1000,2000,1,1,0,100,0,-20,0,3,0,-4,-10,36.0,output.csv,traj.csv,0,0,1,1,10000,1,1,0,1,0
1157092,30,1000,2000,1,1,0,100,0,-20,0,3,0,-4,-10,36.5,output.csv,traj.csv,0,0,1,1,10000,1,1,0,1,0
1157093,30,1000,2000,1,1,0,100,0,-20,0,3,0,-4,-10,36.5,output.csv,traj.csv,0,0,1,1,10000,1,1,0,1,0
1157094,30,1000,2000,1,1,0,100,0,-20,0,3,0,-4,-10,36.5,output.csv,traj.csv,0,0,1,1,10000,1,1,0,1,0
1157095,30,1000,2000,1,1,0,100,0,-20,0,3,0,-4,-10,36.5,output.csv,traj.csv,0,0,1,1,10000,1,1,0,1,0
1157096,30,1000,2000,1,1,0,100,0,-20,0,3,0,-4,-10,36.5,output.csv,traj.csv,0,0,1,1,10000,1,1,0,1,0
1157097,30,1000,2000,1,1,0,100,0,-20,0,3,0,-4,-10,37.0,output.csv,traj.csv,0,0,1,1,10000,1,1,0,1,0
1157098,30,1000,2000,1,1,0,100,0,-20,0,3,0,-4,-10,37.0,output.csv,traj.csv,0,0,1,1,10000,1,1,0,1,0
1157099,30,1000,2000,1,1,0,100,0,-20,0,3,0,-4,-10,37.0,output.csv,traj.csv,0,0,1,1,10000,1,1,0,1,0
1157100,30,1000,2000,1,1,0,100,0,-20,0,3,0,-4,-10,37.0,output.csv,traj.csv,0,0,1,1,10000,1,1,0,1,0
1157101,30,1000,2000,1,1,0,100,0,-20,0,3,0,-4,-10,37.0,output.csv,traj.csv,0,0,1,1,10000,1,1,0,1,0
1157102,30,1000,2000,1,1,0,100,0,-20,0,3,0,-4,-10,37.5,output.csv,traj.csv,0,0,1,1,10000,1,1,0,1,0
1157103,30,1000,2000,1,1,0,100,0,-20,0,3,0,-4,-10,37.5,output.csv,traj.csv,0,0,1,1,10000,1,1,0,1,0
1157104,30,1000,2000,1,1,0,100,0,-20,0,3,0,-4,-10,37.5,output.csv,traj.csv,0,0,1,1,10000,1,1,0,1,0
1157105,30,1000,2000,1,1,0,100,0,-20,0,3,0,-4,-10,37.5,output.csv,traj.csv,0,0,1,1,10000,1,1,0,1,0
1157106,30,1000,2000,1,1,0,100,0,-20,0,3,0,-4,-10,37.5,output.csv,traj.csv,0,0,1,1,10000,1,1,0,1,0
1157107,30,1000,2000,1,1,0,100,0,-20,0,3,0,-4,-10,38.0,output.csv,traj.csv,0,0,1,1,10000,1,1,0,1,0
1157108,30,1000,2000,1,1,0,100,0,-20,0,3,0,-4,-10,38.0,output.csv,traj.csv,0,0,1,1,10000,1,1,0,1,0
1157109,30,1000,2000,1,1,0,100,0,-20,0,3,0,-4,-10,38.0,output.csv,traj.csv,0,0,1,1,10000,1,1,0,1,0
1157110,30,1000,2000,1,1,0,100,0,-20,0,3,0,-4,-10,38.0,output.csv,traj.csv,0,0,1,1,10000,1,1,0,1,0
1157111,30,1000,2000,1,1,0,100,0,-20,0,3,0,-4,-10,38.0,output.csv,traj.csv,0,0,1,1,10000,1,1,0,1,0
1157112,30,1000,2000,1,1,0,100,0,-20,0,3,0,-4,-10,38.5,output.csv,traj.csv,0,0,1,1,10000,1,1,0,1,0
1157113,30,1000,2000,1,1,0,100,0,-20,0,3,0,-4,-10,38.5,output.csv,traj.csv,0,0,1,1,10000,1,1,0,1,0
1157114,30,1000,2000,1,1,0,100,0,-20,0,3,0,-4,-10,38.5,output.csv,traj.csv,0,0,1,1,10000,1,1,0,1,0
1157115,30,1000,2000,1,1,0,100,0,-20,0,3,0,-4,-10,38.5,output.csv,traj.csv,0,0,1,1,10000,1,1,0,1,0
1157116,30,1000,2000,1,1,0,100,0,-20,0,3,0,-4,-10,38.5,output.csv,traj.csv,0,0,1,1,10000,1,1,0,1,0
1157117,30,1000,2000,1,1,0,100,0,-20,0,3,0,-4,-10,39.0,output.csv,traj.csv,0,0,1,1,10000,1,1,0,1,0
1157118,30,1000,2000,1,1,0,100,0,-20,0,3,0,-4,-10,39.0,output.csv,traj.csv,0,0,1,1,10000,1,1,0,1,0
1157119,30,1000,2000,1,1,0,100,0,-20,0,3,0,-4,-10,39.0,output.csv,traj.csv,0,0,1,1,10000,1,1,0,1,0
1157120,30,1000,2000,1,1,0,100,0,-20,0,3,0,-4,-10,39.0,output.csv,traj.csv,0,0,1,1,10000,1,1,0,1,0
1157121,30,1000,2000,1,1,0,100,0,-20,0,3,0,-4,-10,39.0,output.csv,traj.csv,0,0,1,1,10000,1,1,0,1,0
1157122,30,1000,2000,1,1,0,100,0,-20,0,3,0,-4,-10,39.5,output.csv,traj.csv,0,0,1,1,10000,1,1,0,1,0
1157123,30,1000,2000,1,1,0,100,0,-20,0,3,0,-4,-10,39.5,output.csv,traj.csv,0,0,1,1,10000,1,1,0,1,0
1157124,30,1000,2000,1,1,0,100,0,-20,0,3,0,-4,-10,39.5,output.csv,traj.csv,0,0,1,1,10000,1,1,0,1,0
1157125,30,1000,2000,1,1,0,100,0,-20,0,3,0,-4,-10,39.5,output.csv,traj.csv,0,0,1,1,10000,1,1,0,1,0
1157126,30,1000,2000,1,1,0,100,0,-20,0,3,0,-4,-10,39.5,output.csv,traj.csv,0,0,1,1,10000,1,1,0,1,0
1157127,30,1000,2000,1,1,0,100,0,-20,0,3,0,-4,-10,40.0,output.csv,traj.csv,0,0,1,1,10000,1,1,0,1,0
1157128,30,1000,2000,1,1,0,100,0,-20,0,3,0,-4,-10,40.0,output.csv,traj.csv,0,0,1,1,10000,1,1,0,1,0
1157129,30,1000,2000,1,1,0,100,0,-20,0,3,0,-4,-10,40.0,output.csv,traj.csv,0,0,1,1,10000,1,1,0,1,0
1157130,30,1000,2000,1,1,0,100,0,-20,0,3,0,-4,-10,40.0,output.csv,traj.csv,0,0,1,1,10000,1,1,0,1,0
1157131,30,1000,2000,1,1,0,100,0,-20,0,3,0,-4,-10,40.0,output.csv,traj.csv,0,0,1,1,10000,1,1,0,1,0
